name,score,NIQE,BRISQUE,PIQE,Blockiness,NoiseLevel,Sharpness,Grad
XYScanNet_deblur.png,-0.3827667413591557,5.134197165363845,35.07537841796875,68.81088256835938,0.00029153376817703247,0.001477291690460227,4797.22119140625,43.004310607910156
wiener.png,-0.1743158741259697,5.248361267566683,35.80487060546875,62.72150421142578,0.0,0.0018794986728785511,1365.1234130859375,42.128517150878906
input.png,1.0,7.225359446841954,68.08416748046875,80.38902282714844,0.0,0.0012587896693282143,535.8511352539062,29.010032653808594
